"0","onlinemissing <- grades |> "
"0","  select(Id, Exam, starts_with(""Online"")) |>"
"0","  rowwise() |>"
"0","  mutate(onlinemissing = sum(across(starts_with(""Online""), is.na))) |>"
"0","  ungroup()"
"0","onlinemissing |> "
"0","  filter(!is.na(Exam)) |>"
"0","  ggplot(aes(x = Exam, y = onlinemissing)) +"
"0","  geom_bar(stat = ""identity"") +"
"0","  labs(title = ""Students' exam grades conditioned by how many online tests they missed"","
"0","       x = ""Exam grades"","
"0","       y = ""Number of missing online grades"")"
