{"chunk_definitions":[{"row":16,"row_count":1,"visible":true,"expansion_state":0,"options":{"message":false,"engine":"r","label":"configuration"},"document_id":"3BF1D409","chunk_id":"ckcv2z411g4z8","chunk_label":"configuration"},{"row":24,"row_count":1,"visible":true,"expansion_state":0,"options":{"engine":"r","label":"unnamed-chunk-25"},"document_id":"3BF1D409","chunk_id":"cgua5joob0wcj","chunk_label":"unnamed-chunk-1"},{"row":36,"row_count":1,"visible":true,"expansion_state":0,"options":{"engine":"r","label":"unnamed-chunk-26"},"document_id":"3BF1D409","chunk_id":"c3hpxjmswfsl4","chunk_label":"unnamed-chunk-2"},{"row":40,"row_count":1,"visible":true,"expansion_state":0,"options":{"engine":"r","label":"unnamed-chunk-27"},"document_id":"3BF1D409","chunk_id":"ce914487za5wn","chunk_label":"unnamed-chunk-3"},{"row":46,"row_count":1,"visible":true,"expansion_state":0,"options":{"engine":"r","label":"unnamed-chunk-28"},"document_id":"3BF1D409","chunk_id":"c1lb3v09sbq7t","chunk_label":"unnamed-chunk-4"},{"row":50,"row_count":1,"visible":true,"expansion_state":0,"options":{"engine":"r","label":"unnamed-chunk-29"},"document_id":"3BF1D409","chunk_id":"c9dj9rf8kuj3e","chunk_label":"unnamed-chunk-5"},{"row":62,"row_count":1,"visible":true,"expansion_state":0,"options":{"engine":"r","label":"unnamed-chunk-30"},"document_id":"3BF1D409","chunk_id":"cb6vtzokymm19","chunk_label":"unnamed-chunk-6"},{"row":71,"row_count":1,"visible":true,"expansion_state":0,"options":{"engine":"r","label":"unnamed-chunk-31"},"document_id":"3BF1D409","chunk_id":"c6zwh0hs0ygxd","chunk_label":"unnamed-chunk-7"},{"row":75,"row_count":1,"visible":true,"expansion_state":0,"options":{"engine":"r","label":"unnamed-chunk-32"},"document_id":"3BF1D409","chunk_id":"crv55scxu52yy","chunk_label":"unnamed-chunk-8"},{"row":87,"row_count":1,"visible":true,"expansion_state":0,"options":{"engine":"r","label":"unnamed-chunk-33"},"document_id":"3BF1D409","chunk_id":"czob1s522u047","chunk_label":"unnamed-chunk-9"},{"row":101,"row_count":1,"visible":true,"expansion_state":0,"options":{"engine":"r","label":"unnamed-chunk-34"},"document_id":"3BF1D409","chunk_id":"cbghrvhuzthc0","chunk_label":"unnamed-chunk-10"},{"row":113,"row_count":1,"visible":true,"expansion_state":0,"options":{"engine":"r","label":"unnamed-chunk-35"},"document_id":"3BF1D409","chunk_id":"cs7idk7fh5tnv","chunk_label":"unnamed-chunk-11"},{"row":126,"row_count":1,"visible":true,"expansion_state":0,"options":{"engine":"r","label":"unnamed-chunk-36"},"document_id":"3BF1D409","chunk_id":"crblad0y4ods0","chunk_label":"unnamed-chunk-12"},{"row":159,"row_count":1,"visible":true,"expansion_state":0,"options":{"engine":"r","label":"unnamed-chunk-38"},"document_id":"3BF1D409","chunk_id":"cc1pbzd3z30w0","chunk_label":"unnamed-chunk-15"},{"row":168,"row_count":1,"visible":true,"expansion_state":0,"options":{"engine":"r","label":"unnamed-chunk-39"},"document_id":"3BF1D409","chunk_id":"c0m8fvd8macc8","chunk_label":"unnamed-chunk-16"},{"row":178,"row_count":1,"visible":true,"expansion_state":0,"options":{"engine":"r","label":"unnamed-chunk-40"},"document_id":"3BF1D409","chunk_id":"c7g8bo1im4mun","chunk_label":"unnamed-chunk-17"},{"row":188,"row_count":1,"visible":true,"expansion_state":0,"options":{"engine":"r","label":"unnamed-chunk-41"},"document_id":"3BF1D409","chunk_id":"ct0rhm90x2ja3","chunk_label":"unnamed-chunk-18"},{"row":198,"row_count":1,"visible":true,"expansion_state":0,"options":{"engine":"r","label":"unnamed-chunk-42"},"document_id":"3BF1D409","chunk_id":"c24ddizhjw6nz","chunk_label":"unnamed-chunk-19"},{"row":215,"row_count":1,"visible":true,"expansion_state":0,"options":{"engine":"r","label":"unnamed-chunk-43"},"document_id":"3BF1D409","chunk_id":"c1hfj6g3z7p3k","chunk_label":"unnamed-chunk-20"},{"row":225,"row_count":1,"visible":true,"expansion_state":0,"options":{"engine":"r","label":"unnamed-chunk-53"},"document_id":"3BF1D409","chunk_id":"c6fd74x03u8p4","chunk_label":"unnamed-chunk-21"},{"row":234,"row_count":1,"visible":true,"expansion_state":0,"options":{"engine":"r","label":"unnamed-chunk-54"},"document_id":"3BF1D409","chunk_id":"ctdygknipf2oq","chunk_label":"unnamed-chunk-22"},{"row":137,"row_count":1,"visible":true,"expansion_state":0,"options":{"engine":"r","label":"unnamed-chunk-47"},"document_id":"3BF1D409","chunk_id":"cqehivsl8v23c","chunk_label":"unnamed-chunk-13"},{"row":151,"row_count":1,"visible":true,"expansion_state":0,"options":{"engine":"r","label":"unnamed-chunk-52"},"document_id":"3BF1D409","chunk_id":"cj8ijy64omqgw","chunk_label":"unnamed-chunk-14"}],"doc_write_time":1699882648}